tile_key,min_lng,min_lat,max_lng,max_lat,is_active
tile_0001,-84.092000,9.923000,-84.074000,9.941000,true
tile_0002,-84.110000,9.923000,-84.092000,9.941000,true
tile_0003,-84.092000,9.941000,-84.074000,9.959000,true
tile_0004,-84.092000,9.905000,-84.074000,9.923000,true
tile_0005,-84.074000,9.923000,-84.056000,9.941000,true
tile_0006,-84.128000,9.923000,-84.110000,9.941000,true
tile_0007,-84.110000,9.941000,-84.092000,9.959000,true
tile_0008,-84.110000,9.905000,-84.092000,9.923000,true
tile_0009,-84.092000,9.959000,-84.074000,9.977000,true
tile_0010,-84.092000,9.887000,-84.074000,9.905000,true
tile_0011,-84.074000,9.941000,-84.056000,9.959000,true
tile_0012,-84.074000,9.905000,-84.056000,9.923000,true
tile_0013,-84.056000,9.923000,-84.038000,9.941000,true
tile_0014,-84.146000,9.923000,-84.128000,9.941000,true
tile_0015,-84.169000,9.921000,-84.151000,9.939000,true
tile_0016,-84.187000,9.921000,-84.169000,9.939000,true
tile_0017,-84.169000,9.939000,-84.151000,9.957000,true
tile_0018,-84.169000,9.903000,-84.151000,9.921000,true
tile_0019,-84.151000,9.921000,-84.133000,9.939000,true
tile_0020,-84.205000,9.921000,-84.187000,9.939000,true
tile_0021,-84.187000,9.939000,-84.169000,9.957000,true
tile_0022,-84.187000,9.903000,-84.169000,9.921000,true
tile_0023,-84.169000,9.957000,-84.151000,9.975000,true
tile_0024,-84.169000,9.885000,-84.151000,9.903000,true
tile_0025,-84.151000,9.939000,-84.133000,9.957000,true
tile_0026,-84.151000,9.903000,-84.133000,9.921000,true
tile_0027,-84.126000,9.989000,-84.108000,10.007000,true
tile_0028,-84.144000,9.989000,-84.126000,10.007000,true
tile_0029,-84.126000,10.007000,-84.108000,10.025000,true
tile_0030,-84.126000,9.971000,-84.108000,9.989000,true
tile_0031,-84.108000,9.989000,-84.090000,10.007000,true
tile_0032,-84.162000,9.989000,-84.144000,10.007000,true
tile_0033,-84.144000,10.007000,-84.126000,10.025000,true
tile_0034,-84.144000,9.971000,-84.126000,9.989000,true
tile_0035,-84.126000,10.025000,-84.108000,10.043000,true
tile_0036,-84.126000,9.953000,-84.108000,9.971000,true
tile_0037,-84.220000,10.007000,-84.202000,10.025000,true
tile_0038,-84.238000,10.007000,-84.220000,10.025000,true
tile_0039,-84.220000,10.025000,-84.202000,10.043000,true
tile_0040,-84.220000,9.989000,-84.202000,10.007000,true
tile_0041,-84.202000,10.007000,-84.184000,10.025000,true
tile_0042,-84.256000,10.007000,-84.238000,10.025000,true
tile_0043,-84.238000,10.025000,-84.220000,10.043000,true
tile_0044,-84.238000,9.989000,-84.220000,10.007000,true
tile_0045,-84.220000,9.971000,-84.202000,9.989000,true
tile_0046,-84.202000,10.025000,-84.184000,10.043000,true
tile_0047,-83.928000,9.855000,-83.910000,9.873000,true
tile_0048,-83.946000,9.855000,-83.928000,9.873000,true
tile_0049,-83.928000,9.873000,-83.910000,9.891000,true
tile_0050,-83.910000,9.855000,-83.892000,9.873000,true
tile_0051,-83.964000,9.855000,-83.946000,9.873000,true
tile_0052,-83.946000,9.873000,-83.928000,9.891000,true
tile_0053,-83.928000,9.891000,-83.910000,9.909000,true
tile_0054,-83.910000,9.873000,-83.892000,9.891000,true
tile_0055,-84.114000,9.931000,-84.096000,9.949000,true
tile_0056,-84.132000,9.931000,-84.114000,9.949000,true
tile_0057,-84.114000,9.949000,-84.096000,9.967000,true
tile_0058,-84.114000,9.913000,-84.096000,9.931000,true
tile_0059,-84.096000,9.931000,-84.078000,9.949000,true
tile_0060,-84.150000,9.931000,-84.132000,9.949000,true
tile_0061,-84.132000,9.949000,-84.114000,9.967000,true
tile_0062,-84.132000,9.913000,-84.114000,9.931000,true
tile_0063,-84.141000,9.943000,-84.123000,9.961000,true
tile_0064,-84.159000,9.943000,-84.141000,9.961000,true
tile_0065,-84.141000,9.961000,-84.123000,9.979000,true
tile_0066,-84.141000,9.925000,-84.123000,9.943000,true
tile_0067,-84.123000,9.943000,-84.105000,9.961000,true
tile_0068,-84.177000,9.943000,-84.159000,9.961000,true
tile_0069,-84.159000,9.961000,-84.141000,9.979000,true
tile_0070,-84.159000,9.925000,-84.141000,9.943000,true
tile_0071,-84.059000,9.921000,-84.041000,9.939000,true
tile_0072,-84.077000,9.921000,-84.059000,9.939000,true
tile_0073,-84.059000,9.939000,-84.041000,9.957000,true
tile_0074,-84.059000,9.903000,-84.041000,9.921000,true
tile_0075,-84.041000,9.921000,-84.023000,9.939000,true
tile_0076,-84.095000,9.921000,-84.077000,9.939000,true
tile_0077,-84.077000,9.939000,-84.059000,9.957000,true
tile_0078,-84.077000,9.903000,-84.059000,9.921000,true
tile_0079,-84.059000,9.957000,-84.041000,9.975000,true
tile_0080,-84.059000,9.885000,-84.041000,9.903000,true
tile_0081,-84.064000,9.966000,-84.046000,9.984000,true
tile_0082,-84.082000,9.966000,-84.064000,9.984000,true
tile_0083,-84.064000,9.984000,-84.046000,10.002000,true
tile_0084,-84.064000,9.948000,-84.046000,9.966000,true
tile_0085,-84.046000,9.966000,-84.028000,9.984000,true
tile_0086,-84.100000,9.966000,-84.082000,9.984000,true
tile_0087,-84.082000,9.984000,-84.064000,10.002000,true
tile_0088,-84.082000,9.948000,-84.064000,9.966000,true
tile_0089,-84.069000,9.891000,-84.051000,9.909000,true
tile_0090,-84.087000,9.891000,-84.069000,9.909000,true
tile_0091,-84.069000,9.909000,-84.051000,9.927000,true
tile_0092,-84.069000,9.873000,-84.051000,9.891000,true
tile_0093,-84.051000,9.891000,-84.033000,9.909000,true
tile_0094,-84.105000,9.891000,-84.087000,9.909000,true
tile_0095,-84.094000,9.951000,-84.076000,9.969000,true
tile_0096,-84.112000,9.951000,-84.094000,9.969000,true
tile_0097,-84.094000,9.969000,-84.076000,9.987000,true
tile_0098,-84.094000,9.933000,-84.076000,9.951000,true
tile_0099,-84.076000,9.951000,-84.058000,9.969000,true
tile_0100,-84.179000,9.971000,-84.161000,9.989000,true
tile_0101,-84.197000,9.971000,-84.179000,9.989000,true
tile_0102,-84.179000,9.989000,-84.161000,10.007000,true
tile_0103,-84.179000,9.953000,-84.161000,9.971000,true
tile_0104,-84.161000,9.971000,-84.143000,9.989000,true
tile_0105,-84.215000,9.971000,-84.197000,9.989000,true
tile_0106,-84.004000,9.901000,-83.986000,9.919000,true
tile_0107,-84.022000,9.901000,-84.004000,9.919000,true
tile_0108,-84.004000,9.919000,-83.986000,9.937000,true
tile_0109,-84.004000,9.883000,-83.986000,9.901000,true
tile_0110,-83.986000,9.901000,-83.968000,9.919000,true
tile_0111,-84.040000,9.901000,-84.022000,9.919000,true
tile_0112,-84.099000,9.981000,-84.081000,9.999000,true
tile_0113,-84.117000,9.981000,-84.099000,9.999000,true
tile_0114,-84.099000,9.999000,-84.081000,10.017000,true
tile_0115,-84.099000,9.963000,-84.081000,9.981000,true
tile_0116,-84.081000,9.981000,-84.063000,9.999000,true
tile_0117,-84.079000,9.906000,-84.061000,9.924000,true
tile_0118,-84.097000,9.906000,-84.079000,9.924000,true
tile_0119,-84.079000,9.924000,-84.061000,9.942000,true
tile_0120,-84.079000,9.888000,-84.061000,9.906000,true
tile_0121,-84.061000,9.906000,-84.043000,9.924000,true
tile_0122,-84.009000,10.006000,-83.991000,10.024000,true
tile_0123,-84.027000,10.006000,-84.009000,10.024000,true
tile_0124,-84.009000,10.024000,-83.991000,10.042000,true
tile_0125,-84.009000,9.988000,-83.991000,10.006000,true
tile_0126,-84.109000,10.031000,-84.091000,10.049000,true
tile_0127,-84.127000,10.031000,-84.109000,10.049000,true
tile_0128,-84.109000,10.013000,-84.091000,10.031000,true
tile_0129,-84.091000,10.031000,-84.073000,10.049000,true
tile_0130,-84.117000,9.993000,-84.099000,10.011000,true
tile_0131,-84.135000,9.993000,-84.117000,10.011000,true
tile_0132,-84.117000,10.011000,-84.099000,10.029000,true
tile_0133,-84.109000,9.891000,-84.091000,9.909000,true
tile_0134,-84.127000,9.891000,-84.109000,9.909000,true
tile_0135,-84.109000,9.909000,-84.091000,9.927000,true
tile_0136,-83.899000,9.843000,-83.881000,9.861000,true
tile_0137,-83.917000,9.843000,-83.899000,9.861000,true
tile_0138,-83.899000,9.861000,-83.881000,9.879000,true
tile_0139,-83.909000,9.891000,-83.891000,9.909000,true
tile_0140,-83.927000,9.891000,-83.909000,9.909000,true
tile_0141,-83.909000,9.909000,-83.891000,9.927000,true
tile_0142,-84.229000,10.021000,-84.211000,10.039000,true
tile_0143,-84.247000,10.021000,-84.229000,10.039000,true
tile_0144,-84.229000,10.039000,-84.211000,10.057000,true